名称,链接,tag,就诊故事,个人故事,孤独者说,家长助攻,#分心者说
北医六院成年ASD+ADHD就诊记,https://mp.weixin.qq.com/s/AYKfbKJg8VVoxMHHTvq4gQ,#就诊故事,1,0,0,0,0
深圳康宁成人ADHD+阿斯伯格确诊记,https://mp.weixin.qq.com/s/-qPgCoP_Tje4nwYPi9x9qg,#就诊故事,1,0,0,0,0
我在美国的四次asd确诊,https://mp.weixin.qq.com/s/4skUjHQ_ht7hRKI6yg7o6g,#就诊故事,1,0,0,0,0
【答疑】深圳康宁就诊信息详情更新,https://mp.weixin.qq.com/s/BV_GUmPYnJpka8lTOpWBFg,#就诊故事,1,0,0,0,0
【完全版】成年疑似孤独症谱系障碍简明就诊及自助指南,https://mp.weixin.qq.com/s/rXa_Sj9uD2Rm_rlPEkzjuw,#就诊故事,1,0,0,0,0
澳洲asd+adhd就诊经历,https://mp.weixin.qq.com/s/lB097d-nweFsT0zw1OMQBw,#就诊故事,1,0,0,0,0
上海新华医院adhd确诊指南,https://mp.weixin.qq.com/s/4bgsrcvmOpGAGGglUUIXTg,#就诊故事,1,0,0,0,0
山西医科大学第一医院成人ADHD确诊指南,https://mp.weixin.qq.com/s/lvWbwrzFYeWOcyDbKT7hWw,#就诊故事,1,0,0,0,0
在法国成人确诊ASD,https://mp.weixin.qq.com/s/_LFyfYd5MgWIHSNUYmzr4Q,#就诊故事,1,0,0,0,0
【更新】上海新华医院ADHD就诊流程,https://mp.weixin.qq.com/s/i1hT9NihBj8EKn-ockKB8Q,#就诊故事,1,0,0,0,0
【重磅】国内ASD/ADHD成人可确诊地图,https://mp.weixin.qq.com/s/v4Gxn7D_COXqd0xHlicXTQ,#就诊故事,1,0,0,0,0
河南省妇幼保健院（郑大三附院）就诊指南,https://mp.weixin.qq.com/s/CC-EE3FlVlMydLertPKuhQ,#就诊故事,1,0,0,0,0
南京脑科医院成人asd+adhd就诊经历,https://mp.weixin.qq.com/s/jBg86bXnYZsIJ7FpM4Hkcw,#就诊故事,1,0,0,0,0
我在美国的ADHD确诊历程,https://mp.weixin.qq.com/s/l47G7eK0x2JhR4TBLc0lvA,#就诊故事,1,0,0,0,0
武汉市精神卫生中心（二七院区）ADHD就诊经历,https://mp.weixin.qq.com/s/iw5a1cPSNbYodqMShtVStg,#就诊故事,1,0,0,0,0
四川大学华西医院和重庆精神卫生中心成人ADHD就诊记录,https://mp.weixin.qq.com/s/XegOiuQMeDg_INtJ5yhnmQ,#就诊故事,1,0,0,0,0
郑州大学第三附属医院（郑州市妇幼保健院）成人ADHD就诊指南,https://mp.weixin.qq.com/s/niGILl_iLYyyKUdiBkXDWw,#就诊故事,1,0,0,0,0
【更新】深圳康宁医院和成都华西医院成人ASD+ADHD最新就诊细节更新,https://mp.weixin.qq.com/s/WRADPkC2-_dW60fBP4VteA,#就诊故事,1,0,0,0,0
【更新】成人ASD南京脑科就诊流程,https://mp.weixin.qq.com/s/m5PZbCTl4SQKAOsI6UQQCQ,#就诊故事,1,0,0,0,0
南京脑科医院ADHD就诊经历（成人直接挂号方法）,https://mp.weixin.qq.com/s/Dgm2KxidxLI6a2dKGazQgg,#就诊故事,1,0,0,0,0
【更新】上海新华医院异地就诊tips,https://mp.weixin.qq.com/s/Zldy5YP2C9RN7vXscfw5iQ,#就诊故事,1,0,0,0,0
【更新】上海新华医院ADHD就诊攻略（2021/5/4）,https://mp.weixin.qq.com/s/fm69NfoAO8BY97OIfd9I6w,#就诊故事,1,0,0,0,0
西安交通大学第二附属医院成人ADHD就诊记录,https://mp.weixin.qq.com/s/TPLerqcp0lD6THMFJM3m6w,#就诊故事,1,0,0,0,0
北京安定医院成人ADHD就诊指南,https://mp.weixin.qq.com/s/21b6BK52CpcYqjERw_EAwg,#就诊故事,1,0,0,0,0
山东精卫&深圳康宁成人ASD近期就诊攻略,https://mp.weixin.qq.com/s/bdgfkbXiPv7ZwZNz4hkzsg,#就诊故事,1,0,0,0,0
重庆市精神卫生中心（金紫山区）成人ASD就诊指南,https://mp.weixin.qq.com/s/kEgRojRImJ5pGhD4mKuNKg,#就诊故事,1,0,0,0,0
武汉市精神卫生中心（二七院区）成人ASD+ADHD就诊记录,https://mp.weixin.qq.com/s/JWvpvEkp2Tvw85pyP93XfQ,#就诊故事,1,0,0,0,0
北京安定医院成人ADHD&抑郁共现就诊记录,https://mp.weixin.qq.com/s/7TWo-auMYB1hIASsbY3cRw,#就诊故事,1,0,0,0,0
广东省人民医院ADHD成人就诊指南及对新人建议,https://mp.weixin.qq.com/s/Ai7E6GANjg2Z2tqA84wzog,#就诊故事,1,0,0,0,0
昆明医科大成人ADHD就诊攻略,https://mp.weixin.qq.com/s/v52WiSbILr3lDfrZCndeLg,#就诊故事,1,0,0,0,0
【更新】上海新华医院成人ADHD就诊记录（2021.9.25）,https://mp.weixin.qq.com/s/m3kg-gUZOwpd1JGAtAExkg,#就诊故事,1,0,0,0,0
广西壮族自治区人民医院成人ASD+ADHD就诊指南,https://mp.weixin.qq.com/s/hUEZ6PPncUeDu355qqGPIA,#就诊故事,1,0,0,0,0
欧洲儿童ASD和ADHD就诊记录,https://mp.weixin.qq.com/s/gLjT_gcF7xIgOV-j9Ssr2A,#就诊故事 #家长助攻,1,0,0,1,0
北京安定医院成人ASD就诊记录,https://mp.weixin.qq.com/s/LJ1ZUrNBfPgBoevfXfgv2g,#就诊故事,1,0,0,0,0
厦门仙岳医院成人ADHD就诊故事,https://mp.weixin.qq.com/s/CWbcIaEd9MaZp1FHq0cEnQ,#就诊故事,1,0,0,0,0
广州脑科（惠爱）医院的成人ADHD就诊记录,https://mp.weixin.qq.com/s/m12qan6xax6-g4_NZ8Whww,#就诊故事,1,0,0,0,0
【个人故事】​从“旁观者”到“亲历者”,https://mp.weixin.qq.com/s/EoxTkfz3S-R9gKKuOiPjMA,#就诊故事 #个人故事,1,1,0,0,0
【攻略】ADHDer如何携带自用药物入境美国和开药,https://mp.weixin.qq.com/s/jqit4D3dLmkvp7l6vnP-Nw,#就诊故事 #分心者说,1,0,0,0,1
辽宁省肿瘤医院成人ADHD就诊经历,https://mp.weixin.qq.com/s/QgSuovQHPG2oyy_gAeYXJg,#就诊故事,1,0,0,0,0
一位医生想传达出的心意【含就诊攻略】,https://mp.weixin.qq.com/s/XCRQQ7iP6m9PofgAFuZrGQ,#就诊故事,1,0,0,0,0
广州医科大学附属脑科医院成人ADHD就诊攻略,https://mp.weixin.qq.com/s/x2YbnQL2X_7eS-O9sGruJQ,#就诊故事,1,0,0,0,0
重庆精神卫生中心成人ADHD就诊指南,https://mp.weixin.qq.com/s/2_Odxg33yDij99nPMIxJ_Q,#就诊故事,1,0,0,0,0
美国确诊ASD和ADHD，我做了这些测试,https://mp.weixin.qq.com/s/9Hzr9XcdRY1-H5wp3NfDJQ,#就诊故事,1,0,0,0,0
山东省立医院成人ADHD就诊攻略,https://mp.weixin.qq.com/s/wz18VzkSd4d3PAVUNk8kBw,#就诊故事,1,0,0,0,0
广州医科大学附属脑科医院成人ASD就诊经验,https://mp.weixin.qq.com/s/u_l3DvQc4Le-DuuQtL7p_A,#就诊故事,1,0,0,0,0
广东省人民医院成人ADHD就诊经历,https://mp.weixin.qq.com/s/Bh6OMI7XCFbof1lYdgqbLg,#就诊故事,1,0,0,0,0
【更新】南京脑科医院成人ADHD就诊经历,https://mp.weixin.qq.com/s/MvDLtTPjPors-VFTSd2P4A,#就诊故事,1,0,0,0,0
广西壮族自治区人民医院成人ADHD就诊指南,https://mp.weixin.qq.com/s/w-9IOKGw53wWPtcwl_8AvA,#就诊故事,1,0,0,0,0
广西壮族自治区人民医院成人ASD就诊指南,https://mp.weixin.qq.com/s/Y0f4BJ1G_MhhVqagpZA4kw,#就诊故事,1,0,0,0,0
长沙湘雅二医院成人ASD就诊经历,https://mp.weixin.qq.com/s/xf-mJwp47Cn03gP3Aqq8Ig,#就诊故事,1,0,0,0,0
浙大邵逸夫医院成人ADHD确诊经历,https://mp.weixin.qq.com/s/qEC1D80K9juDn8O82EIy8w,#就诊故事,1,0,0,0,0
走出孤独感的经历和一点思考（附武汉精神卫生中心开药经历）,https://mp.weixin.qq.com/s/O50muTk3pSYCfr0D7RCH9A,#就诊故事 ,1,0,0,0,0
宁波市康宁医院成人ASD确诊经历,https://mp.weixin.qq.com/s/MSwfnsUOHhScZ5kkEk8KpA,#就诊故事,1,0,0,0,0
宁波市康宁医院成人ASD+ADHD确诊经历,https://mp.weixin.qq.com/s/Tr7HkeqhX9NcrDW0zYCjjg,#就诊故事,1,0,0,0,0
昆明医科大学第一附属医院成人ADHD确诊经历,https://mp.weixin.qq.com/s/FuTtYmZ_dyMP40fkM5YT0A,#就诊故事,1,0,0,0,0
荷兰成人ADHD就诊故事,https://mp.weixin.qq.com/s/fJaUKmjswxfFhKUZ4_7N9Q,#就诊故事,1,0,0,0,0
【香港确诊】一个人类世界的猫猫人的自白,https://mp.weixin.qq.com/s/0LqAbvmLB_HNPKUBoFpVeA,#就诊故事 #个人故事,1,1,0,0,0
浙江金华市妇幼保健院成人ADHD确诊记录,https://mp.weixin.qq.com/s/1H4-wA-G10KNXoESBaY_Wg,#就诊故事,1,0,0,0,0
北京回龙观医院成人ASD+ADHD就诊经历,https://mp.weixin.qq.com/s/BOPdBRbVimwi9PbWghnShg,#就诊故事,1,0,0,0,0
浙江大学第一附属医院成人ADHD就诊经历,https://mp.weixin.qq.com/s/FxvlRWIMUpZzbZsaCB5yug,#就诊故事,1,0,0,0,0
英国成人ASD+ADHD就诊记录,https://mp.weixin.qq.com/s/9vR3CuvxHFAA8EtgYW-dew,#就诊故事,1,0,0,0,0
喜大普奔！深圳康宁成人ADHD处方药医保初体验,https://mp.weixin.qq.com/s/bpY7yQ3VN4dWNRoA-XIAQg,#就诊故事,1,0,0,0,0
从零开始的成人ADHD药费报销教程（学生/职工医保）,https://mp.weixin.qq.com/s/WKfnCT4Ixl5Dn7sd2qF7hg,#就诊故事,1,0,0,0,0
山东省立医院（中心院区）成人ADHD就诊攻略【更新】,https://mp.weixin.qq.com/s/oPl3Fs8UvIqVdiyhd_sgRQ,#就诊故事,1,0,0,0,0
上海市同济医院成人ADHD就诊攻略,https://mp.weixin.qq.com/s/bb43hw4P-IlSXIm_HUYqHw,#就诊故事,1,0,0,0,0
上海新华成人ADHD处方药报销,https://mp.weixin.qq.com/s/RRyyAlqJ1gp697Of0Qxx1A,#就诊故事,1,0,0,0,0
天津市安定医院成人ADHD就诊经历,https://mp.weixin.qq.com/s/bwPMrJng4V4BM48t6Bm5fA,#就诊故事,1,0,0,0,0
从精神病性障碍到ADHD、ASD，这是我的自我发现历程,https://mp.weixin.qq.com/s/VmABTjXexPw5NSy8_np4_A,#就诊故事,1,0,0,0,0
广东江门妇幼保健院成人ADHD确诊经历,https://mp.weixin.qq.com/s/ThT2Q03MuSHY-8nCZtqrLw,#就诊故事,1,0,0,0,0
加拿大成人ASD确诊经历,https://mp.weixin.qq.com/s/nMTGrZCAsF11avNY232e2Q,#就诊故事,1,0,0,0,0
深圳康宁医院成人ADHD首诊医保报销就诊体验,https://mp.weixin.qq.com/s/KlMaEGBdCpf_V9Oim2urRQ,#就诊故事,1,0,0,0,0
英国成人ADHD就诊经历,https://mp.weixin.qq.com/s/OJfseQ_3sIX5FGbyoxcjpA,#就诊故事,1,0,0,0,0
我在加拿大确诊了ASD，然后呢？,https://mp.weixin.qq.com/s/XV8tZ1qnTvs0_dxX5feWbg,#就诊故事,1,0,0,0,0
【个人故事】我想要抛下这些沉重的负担，轻盈地看待五彩斑斓的世界,https://mp.weixin.qq.com/s/mted1-sNrX2d0Cp3gt7vcg,#就诊故事 #个人故事,1,1,0,0,0
山东省青岛市精神卫生中心成人ADHD就诊经历,https://mp.weixin.qq.com/s/ssmfFUZtSEu7YuADTT73-w,#就诊故事,1,0,0,0,0
世界必有出口：武汉长沙深圳成人ASD+ADHD就诊经历,https://mp.weixin.qq.com/s/dSNUojHXjqBQOPATMmSaAA,#就诊故事 #个人故事 #孤独者说,0,1,0,0,0
【就诊更新】西安交通大学第二附属医院成人ADHD,https://mp.weixin.qq.com/s/yp6j3vCBHlw4u31LOOH9Ag,#就诊故事,1,0,0,0,0
辽宁沈阳盛京医院滑翔院区成人ASD就诊记录,https://mp.weixin.qq.com/s/KPC_MIbEaaSd-MXPp-79lQ,#就诊故事,1,0,0,0,0
写给被排除ASD的朋友们,https://mp.weixin.qq.com/s/Z9EC-NECSBjwq3uNAGNHMw,#就诊故事,1,0,1,0,0
辽宁省肿瘤医院成人ASD就诊故事,https://mp.weixin.qq.com/s/WJsCPqjr92Y04wullZZ4_Q,#就诊故事,1,0,0,0,0
在混乱和盲目的解构中找回自我,https://mp.weixin.qq.com/s/ZzNd_IbxhVymoyVjH5v92g,#就诊故事,1,1,0,0,1
贵州省第二人民医院成人ADHD就诊经历,https://mp.weixin.qq.com/s/St1pufe9rM30RHyIloHu3Q,#就诊故事,1,0,0,0,0
青岛市市立医院成人ADHD就诊经历,https://mp.weixin.qq.com/s/1a1vNP1mmucZvgevJP0yrA,#就诊故事,1,0,0,0,0
合肥四院（安徽省精卫）成人ADHD确诊经历,https://mp.weixin.qq.com/s/4rJdxqr_Fldt1yKvKw3Ugg,#就诊故事,1,0,0,0,0
异国他乡确诊半年，与不符合刻板印象的自己和解,https://mp.weixin.qq.com/s/waKi5HxHtnDRB3ITVzJ8Bg,#就诊故事,1,1,1,0,1
思考把人当做人的态度：我在美国高中ASD拒诊与确诊经历,https://mp.weixin.qq.com/s/OilB9nwtBrlIbRHUmkqc5g,#就诊故事,1,1,1,0,0
我与拖延二三事：贵州省人民医院成人ADHD就诊经历,https://mp.weixin.qq.com/s/PBW2dnjKTqP8kbgU4jEKYg,#就诊故事,1,1,0,0,0
世界不曾经历过相同的两场雨季：ADHD确诊心路历程,https://mp.weixin.qq.com/s/szJCRWljKSC-6TtV0P5ZJg,#就诊故事,1,1,0,0,0
我曾经竭尽全力去摘那颗星：厦门仙岳医院成人ADHD就诊指南,https://mp.weixin.qq.com/s/0k7f7FeqPG6817QKC-B4Rw,#就诊故事,1,1,0,0,0
少数的故事：汕头大学精神卫生中心成人ASD和ADHD确诊经历,https://mp.weixin.qq.com/s/JOxvBGNUAv7TZaMvwmtSHw,#就诊故事,1,1,0,0,0
在确诊ASD后，小蓝仿佛看到了一束光,https://mp.weixin.qq.com/s/0SUIxLVeBNcWugS_p9DvQA,#就诊故事,1,1,0,0,0
至高者希望我躲藏在灌木丛中：日本九州大学病院ASD就诊故事,https://mp.weixin.qq.com/s/zA7RB1hlVGCgtQgFXKm3Bg,#就诊故事,1,1,0,0,0
浙医一院余杭院区成人ADHD就诊经历,https://mp.weixin.qq.com/s/LGnaqruj4KfJeTedsgDQQQ,#就诊故事,1,0,0,0,0
广东珠海妇幼保健院翠香社康成人ADHD就诊经历,https://mp.weixin.qq.com/s/Y4fMYOJzO5avPX6Eu3Z4NQ,#就诊故事,1,0,0,0,0
青岛妇女儿童医院成人ADHD就诊攻略,https://mp.weixin.qq.com/s/BhVFRDBdi0iB0E2zdeAe2w,#就诊故事,1,0,0,0,0
英国伦敦成人ADHD确诊经历分享,https://mp.weixin.qq.com/s/U58iP2XXA39gCN5QsqxuJg,#就诊故事,1,0,0,0,0
ADHD在江西：从一个问号说开去，江西妇幼成人ADHD就诊筛查记录,https://mp.weixin.qq.com/s/CUiOaxwTWCOFo2t8L8EcYA,#就诊故事,1,0,0,0,0
韩国成人ADHD就诊经历和心路历程,https://mp.weixin.qq.com/s/aeZwwXrCJdz8N6-OQal2MA,#就诊故事,1,0,0,0,0
多确诊一种障碍后，整个状况得到改善——抑郁焦虑ADHD共现的治疗经历,https://mp.weixin.qq.com/s/QJx3DqkehM9kP_K3hGEtnA,#就诊故事,1,1,0,0,1
【更新】南京脑科医院成人ADHD就诊及医保报销指南,https://mp.weixin.qq.com/s/1c3Vzz0GmvyvafWlWkZTpw,#就诊故事,1,0,0,0,0
“不典型”谱系人士的就诊故事,https://mp.weixin.qq.com/s/bO86EOHnqOtHc82H5HVOFw,#就诊故事,1,1,0,0,0
武汉精神卫生中心（二七院区）成人ADHD门诊就诊经历,https://mp.weixin.qq.com/s/3YxnvxCqTwQgWFFtrPxayg,#就诊故事,1,0,0,0,0
我的22岁重生：广东中山市博爱医院成人ADHD就诊经历,https://mp.weixin.qq.com/s/cCw60aRcUpkHU82NA1SdmA,#就诊故事,1,0,0,0,1
在日本确诊成人ADHD的经历,https://mp.weixin.qq.com/s/6pJv_cMZIZrVZ2lqyAm8bw,#就诊故事,1,0,0,0,0
【更新】昆明成人ADHD就诊经历,https://mp.weixin.qq.com/s/z9z7P7iN5PYo0azde9wXvw,#就诊故事,1,0,0,0,0
国内确诊海外开药：英国+荷兰ADHDer流程分享,https://mp.weixin.qq.com/s/E_0ebynpZMKiIkOlQBMOOA,#就诊故事,1,0,0,0,0
孤独与焦虑的集合体：厦门仙岳医院成人ASD确诊故事,https://mp.weixin.qq.com/s/GGCVFsB_Jq2Izih48w5ziQ,#就诊故事,1,1,0,0,0
宁波康宁与常州德安双A就诊：明天又是新的一天,https://mp.weixin.qq.com/s/a8aAWVetdMql_bDhg8MTvQ,#就诊故事,1,1,0,0,0
四川成都华西第二医院（锦江院区）成人ADHD就诊故事,https://mp.weixin.qq.com/s/0f_adQJe4dF9c_6Z8mY0Bw,#就诊故事,1,0,0,0,0
英国成人ADHD非自费确诊经历分享,https://mp.weixin.qq.com/s/_tJAyTKyNACzC1kO-smc8w,#就诊故事,1,0,0,0,0
安定医院+北医六院成人ASD就诊经历分享,https://mp.weixin.qq.com/s/-bh563FPkazSDllJ1ESteg,#就诊故事,1,0,0,0,0
英国成人ASD确诊记录,https://mp.weixin.qq.com/s/finFd6K6QWpbXa5ObvEJLw,#就诊故事,1,0,0,0,0
成人ADHD异地求药记,https://mp.weixin.qq.com/s/ohiFrWt1i7wgvKrJmfm1Kw,#就诊故事,1,0,0,0,0
ADHD的慢性病申请,https://mp.weixin.qq.com/s/Y0xk7QGqUiO6-_LL1ZJWEg,#就诊故事,1,0,0,0,0
甘肃兰州成人ADHD就诊＆开药记录,https://mp.weixin.qq.com/s/qMZSRCNLi9zUQmvO8dvuEg,#就诊故事,1,0,0,0,0
海外成人ASD＆ADHD就诊故事：你与我同在,https://mp.weixin.qq.com/s/BARLKZ6xOQZuSkp7wG71ug,#就诊故事,1,1,0,0,0
2018，告别抑郁,https://mp.weixin.qq.com/s/UldIHh2zPEXkNwBLdBdH-A,#个人故事,0,1,0,0,0
我，只是有点不同的正常人,https://mp.weixin.qq.com/s/eWG-xr8W2OlqSoaBXLC98g,#个人故事,0,1,0,0,0
2019，拥抱自己,https://mp.weixin.qq.com/s/ede2Z1U0yAv2hrgxfXeLDA,#个人故事,0,1,0,0,0
【个人故事】孤独症的老年与童年,https://mp.weixin.qq.com/s/yVk_rKcAeZKqQv9FifVy-g,#个人故事,0,1,0,0,0
我是你生活中隐而未见的孤独症患者,https://mp.weixin.qq.com/s/uYfiZtQstBb6E0ocoTSwNA,#个人故事,0,1,0,0,0
【流水账】我是怎么对抗这两天的压力,https://mp.weixin.qq.com/s/0Mge91NBXiIc5Ds7Wa-PFg,#个人故事,0,1,0,0,0
【个人故事】感官超敏的一天,https://mp.weixin.qq.com/s/U-jIDtROVZJGLAmsNzX4Ig,#个人故事,0,1,0,0,0
【个人故事】我如何与adhd和成瘾和解,https://mp.weixin.qq.com/s/JZXX0x_6XlEQJuZYSnB1Aw,#个人故事,0,1,0,0,1
不同的人生，相似的片段 --与8位神经多样性朋友一同前行,https://mp.weixin.qq.com/s/UocpUdChcmi0t3SGqtcqmg,#个人故事,0,1,1,0,0
迟来的答案—成人确诊阿斯伯格综合征的意义,https://mp.weixin.qq.com/s/a71b0tebJ2LVdY2EI8BBYA,#个人故事,0,1,1,0,0
【孤独症接纳日】跑过雨林的孩子会变成光,https://mp.weixin.qq.com/s/QFSb8B5hGzoc9qMvLSS3Ow,#个人故事,0,1,0,0,0
【个人故事】小正妈妈这样对孩子说,https://mp.weixin.qq.com/s/aZ0j1d8UoturjpT-hbzA6Q,#个人故事,0,1,0,1,0
【个人故事】博士的我，确诊重度ADHD,https://mp.weixin.qq.com/s/aZ0j1d8UoturjpT-hbzA6Q,#个人故事,0,1,0,0,1
孤独症谱系孩子的母亲与谱系人士的对话 - 小枫叶的麻麻 Danielle和我,https://mp.weixin.qq.com/s/h9xRyG-F4GI7_E_skZr2-Q,#个人故事,0,1,0,1,0
【个人故事】混在人类群体里的初始化机器人,https://mp.weixin.qq.com/s/_AxbjN9u1Xf86jGi3hfqUQ,#个人故事,0,1,0,0,0
【个人故事】确诊之后，我是如何提高生活质量的？,https://mp.weixin.qq.com/s/bM76sdLioGMCodSr4KJevw,#个人故事,0,1,1,0,0
【个人故事】​从“旁观者”到“亲历者”,https://mp.weixin.qq.com/s/EoxTkfz3S-R9gKKuOiPjMA,#个人故事,0,1,1,0,0
《不会打招呼的人》作者有话说,https://mp.weixin.qq.com/s/VFMvf0Jxka7RXx3QUaj_Hg,#个人故事,0,1,1,0,0
【漫画】《不会打招呼的人》| 第一话：确诊,https://mp.weixin.qq.com/s/wLDcKXZzECOPdUntXTh2tw,#个人故事,0,1,0,0,0
【母亲节特别策划】一位孤独谱系的女儿写给母亲,https://mp.weixin.qq.com/s/IH2hUIjrClhZuJMFirrLGQ,#个人故事,0,1,0,0,0
【个人故事】铜婚,https://mp.weixin.qq.com/s/sNMkYYOPn9MpCu7GM1080g,#个人故事,0,1,0,0,1
“我不是一个失败的人。”ADHD人士自述,https://mp.weixin.qq.com/s/qK4pO6LlQorkU3M8MFJNSA,#个人故事,0,1,1,0,0
为了一纸ASD诊断，我等了整整3年,https://mp.weixin.qq.com/s/S232-HAHAVeuMoAzCVlIaQ,#个人故事,0,1,0,0,0
在抑郁的低谷中，这件事让我重生,https://mp.weixin.qq.com/s/nVdT0OyKY3wDBH1LbDp95A,#个人故事,0,1,0,0,0
【个人故事】站在新的人生起点上,https://mp.weixin.qq.com/s/A_XX4c1VmBhIyAB-X2wtrQ,#个人故事,0,1,0,0,0
我孤独地漂流在时间的缝隙里—人格/现实解体障碍,https://mp.weixin.qq.com/s/gQOeohb4d0B3-sMbjFADKw,#个人故事,0,1,1,0,0
我参加了国内第一个ASD人士就业培训，这里是我的感受,https://mp.weixin.qq.com/s/0EyzxDpbUyM07hCKp5iL8Q,#个人故事,0,1,1,0,0
【教师节特别策划】当一位谱系人士决定成为老师,https://mp.weixin.qq.com/s/TiSaPjs1MgRCc2bRovr0tA,#个人故事,0,1,1,0,0
作为ASD人士，这是我的信心宣言,https://mp.weixin.qq.com/s/vwM43BHAhTuH8q9HDbBUCA,#个人故事,0,1,0,0,1
面对ADHD：我的自我迭代之路,https://mp.weixin.qq.com/s/HzCPoXaG_nkJY8_5ReM5Lg,#个人故事,0,1,,0,1
本能、愤怒、勇气与我那被裹挟的命运,https://mp.weixin.qq.com/s/bhVoaP8UISIqBT1I90EMng,#个人故事,0,1,0,0,1
【后记】被裹挟的，与真正的自由意志,https://mp.weixin.qq.com/s/mvWSCZFXesqXwp1JTmmR9g,#个人故事,0,1,1,1,0
【个人故事】ASD，我还有我妈妈,https://mp.weixin.qq.com/s/lnN8cifSKwL1kCTT8ISo6A,#个人故事,0,1,1,0,0
【个人故事】当一个“猫猫人”开始帮助各种人类,https://mp.weixin.qq.com/s/_WP6YAS03vhk7hXqKGRNuw,#个人故事,0,1,1,0,0
得到确诊后，ASD成为了我“说明书”上的重要标签,https://mp.weixin.qq.com/s/l7t2GyHWezpShR-Bx5Em-w,#个人故事,0,1,0,0,0
情绪消亡史——我的述情障碍,https://mp.weixin.qq.com/s/tJAPyBdoDmfm0Fx-dDxNgQ,#个人故事,0,1,0,0,0
【个人故事】孤独、不解和明天,https://mp.weixin.qq.com/s/cazzXsLS0nJSYcsJqvTLNw,#个人故事,0,1,0,0,0
【香港确诊】一个人类世界的猫猫人的自白,https://mp.weixin.qq.com/s/0LqAbvmLB_HNPKUBoFpVeA,#个人故事,0,1,0,0,1
2023：忘记世界，缓步前行,https://mp.weixin.qq.com/s/Qw15k1ejrOfJfPW_Wo3EPg,#个人故事,0,1,1,0,1
确诊ADHD四个月，我学到了这些,https://mp.weixin.qq.com/s/V0vkVoCKQZIUMKad6-wv0Q,#个人故事,0,1,0,0,1
【个人故事】我不做人啦！,https://mp.weixin.qq.com/s/UbUA6EMq97lzp_8qrdXtXA,#个人故事,0,1,0,0,1
察觉的力量：卡片笔记帮我确诊ADHD,https://mp.weixin.qq.com/s/fnFtyjveNrkD6EZ-IVM4Xg,#个人故事,0,1,1,0,1
ADHD经验分享：我打破了失败人生的恶性循环,https://mp.weixin.qq.com/s/WC3DchyPWjxJW62ENApyzg,#个人故事,0,1,1,0,1
【个人故事】我是一个温暖的光,https://mp.weixin.qq.com/s/PgwiFuvI3eq64BFrjm8JPA,#个人故事,0,1,0,0,1
台湾AS的生活经历：我的路程及我的需要,https://mp.weixin.qq.com/s/_1VsZzFmanAAAyTd7HEXyQ,#个人故事,0,1,0,0,1
ADHD/高敏感经验分享：看清“恐惧”，夺回大脑控制权,https://mp.weixin.qq.com/s/3GS7PgdKvGYmMCfW4GUMTw,#个人故事,0,1,1,0,0
两次与ADHD确诊擦肩而过，我被蒙在鼓里内耗了20年,https://mp.weixin.qq.com/s/oRA2Fwsu6zu8RRDOXB62CQ,#个人故事,0,1,1,0,0
【孤独者说】连塘的告白,https://mp.weixin.qq.com/s/DVcqpbPe9gV-dDXc3AccSg,#个人故事,0,1,1,0,0
孤独症谱系障碍者的日常困境：漫画《不会打招呼的人》| 第二话,https://mp.weixin.qq.com/s/eZ9EynjTq5CNmJsCN0Mbfw,#个人故事,0,1,1,0,0
【孤独者说】奇怪的光，拯救我的人生,https://mp.weixin.qq.com/s/MVgOZJIbeRPmYAYUAcsGgA,#个人故事,0,1,0,0,1
【孤独者说】孤独地漂浮着，认识自己让我停止自责,https://mp.weixin.qq.com/s/UUB4q1lnvJYOxKZRD_vxSA,#个人故事,0,1,0,0,1
若生命可描绘——注意缺陷、强迫障碍与我,https://mp.weixin.qq.com/s/UnfzIBe5bZJVvkh7aQ6jRw,#个人故事,0,1,0,0,1
【个人故事】致我一再重复的失败与挣扎,https://mp.weixin.qq.com/s/LmfvvgwepQAvw07HULrX0g,#个人故事,0,1,0,0,1
【个人故事】我想要抛下这些沉重的负担，轻盈地看待五彩斑斓的世界,https://mp.weixin.qq.com/s/mted1-sNrX2d0Cp3gt7vcg,#个人故事,0,1,0,0,1
每个ADHDer都有自己的瞬息全宇宙,https://mp.weixin.qq.com/s/LeiQl7aLUKGEiCGoSATVpw,#个人故事,0,1,0,0,1
世界必有出口：武汉长沙深圳成人ASD+ADHD就诊经历,https://mp.weixin.qq.com/s/dSNUojHXjqBQOPATMmSaAA,#个人故事,0,1,1,0,0
【分心者漫画】《隐匿无常》| 第一话：鱼的记忆,https://mp.weixin.qq.com/s/gUaF-oadIBYYNjy4X02OHw,#个人故事,0,1,0,0,1
【分心者漫画】《隐匿无常》| 第二话：生态景箱,https://mp.weixin.qq.com/s/s-VDUS3jDSzjutj_QB5xXg,#个人故事,0,1,0,0,1
【分心者漫画】《隐匿无常》| 第三话：枝条徒长,https://mp.weixin.qq.com/s/ZMpWO1qb23BQ4Aa1PxB3xQ,#个人故事,0,1,0,0,1
【孤独者说】我是人生路上的一个问号,https://mp.weixin.qq.com/s/cuy6GKfI3cWwLL2caXo4bQ,#个人故事,0,1,0,0,0
在混乱和盲目的解构中找回自我,https://mp.weixin.qq.com/s/ZzNd_IbxhVymoyVjH5v92g,#个人故事,0,1,0,0,1
【分心者漫画】《隐匿无常》| 第四话：自然选择,https://mp.weixin.qq.com/s/eBJOJXXMKz2HKowoUUJVPA,#个人故事,0,1,0,0,0
【分心者漫画】《隐匿无常》| 最终话：成虫盘,https://mp.weixin.qq.com/s/8gvPdyrwR97qzuHSel8CLw,#个人故事,0,1,0,1,0
ADHD漫画《隐匿无常》作者随记：长夜履霜经逆旅，斗室执灯明竢堂,https://mp.weixin.qq.com/s/z6huRrjgpJsA27kzYIXgbQ,#个人故事,0,1,0,0,1
异国他乡确诊半年，与不符合刻板印象的自己和解,https://mp.weixin.qq.com/s/waKi5HxHtnDRB3ITVzJ8Bg,#个人故事,0,1,0,0,1
思考把人当做人的态度：我在美国高中ASD拒诊与确诊经历,https://mp.weixin.qq.com/s/OilB9nwtBrlIbRHUmkqc5g,#个人故事,0,1,1,0,0
我与拖延二三事：贵州省人民医院成人ADHD就诊经历,https://mp.weixin.qq.com/s/PBW2dnjKTqP8kbgU4jEKYg,#个人故事,0,1,0,0,0
世界不曾经历过相同的两场雨季：ADHD确诊心路历程,https://mp.weixin.qq.com/s/szJCRWljKSC-6TtV0P5ZJg,#个人故事,0,1,0,0,0
我的两次幻灭与救赎之旅,https://mp.weixin.qq.com/s/YuVmClChouiVrwZ1rhHjSg,#个人故事,0,1,0,0,0
我曾经竭尽全力去摘那颗星：厦门仙岳医院成人ADHD就诊指南,https://mp.weixin.qq.com/s/0k7f7FeqPG6817QKC-B4Rw,#个人故事,0,1,1,0,0
少数的故事：汕头大学精神卫生中心成人ASD和ADHD确诊经历,https://mp.weixin.qq.com/s/JOxvBGNUAv7TZaMvwmtSHw,#个人故事,0,1,0,0,1
ADHD儿童在成人世界的规训：我踽踽独行，苦难终有尽时,https://mp.weixin.qq.com/s/KcEcBRJsAbPKx4yZXawZOw,#个人故事,0,1,0,0,1
在确诊ASD后，小蓝仿佛看到了一束光,https://mp.weixin.qq.com/s/0SUIxLVeBNcWugS_p9DvQA,#个人故事,0,1,0,0,0
至高者希望我躲藏在灌木丛中：日本九州大学病院ASD就诊故事,https://mp.weixin.qq.com/s/zA7RB1hlVGCgtQgFXKm3Bg,#个人故事,0,1,1,0,0
在ASD、ADHD和双相之间，我写了一本小说,https://mp.weixin.qq.com/s/Rvk-NH9o4HAHdoGT9yQ14A,#个人故事,0,1,0,1,0
ADHD父亲写给儿子：一同成长的我们,https://mp.weixin.qq.com/s/FjJRY0tJwgDp4-9c7Smp3A,#个人故事,0,1,1,0,1
了解ADHD后，我想把我失败的人生都甩到它身上,https://mp.weixin.qq.com/s/hoodeWev8C2oTITjkpfVmw,#个人故事,0,1,1,0,0
深夜自白：我和我无法受控的欲望,https://mp.weixin.qq.com/s/gkPwjj1SeIeRTbblEAjvMA,#个人故事,0,1,0,0,0
一个努力自我和解的ASDer的自白,https://mp.weixin.qq.com/s/ITOyFfDs2AsLQTcgZMlQEQ,#个人故事,0,1,0,1,0
我在赏月之地分一杯羹：有障人士在英国申请援助过程记录,https://mp.weixin.qq.com/s/JVAcNHq4yQVNG2-M6a7SeQ,#个人故事,0,1,0,0,1
暴食发作时，我觉得失控的自己像千寻变成猪的父母,https://mp.weixin.qq.com/s/8biUq4NtWa9sF2Z4kjqlYw,#个人故事,0,1,0,0,0
当ADHD遇见ASD——国内第一本关于“双A”的案例书,https://mp.weixin.qq.com/s/d28vZ5NssCrh5RfbDmVZww,#个人故事,0,1,0,0,1
【个人故事】想方设法开好自己的座驾,https://mp.weixin.qq.com/s/XZiRqhrpOktUqeebaqzI9g,#个人故事,0,1,0,0,1
三十岁确诊，我却未能如愿新生,https://mp.weixin.qq.com/s/uaBGf1vY8iLGW8qYgGcb5g,#个人故事,0,1,0,0,1
行走与平衡：对自我精神状态的探索,https://mp.weixin.qq.com/s/0PXu_Uee1sErTCoG4ntm5g,#个人故事,0,1,0,0,1
爱幻想的边缘者——来自农民工家庭孩子的成长故事,https://mp.weixin.qq.com/s/u0zGsnwJblFjfOgTI3zimg,#个人故事,0,1,0,0,1
多确诊一种障碍后，整个状况得到改善——抑郁焦虑ADHD共现的治疗经历,https://mp.weixin.qq.com/s/QJx3DqkehM9kP_K3hGEtnA,#个人故事,0,1,0,0,0
在没人看到的位置，我重新变成一只章鱼,https://mp.weixin.qq.com/s/0JW5wRWqDAjfm66Ry42GZw,#个人故事,0,1,0,0,0
关于ASD＆ADHD，我想和家长们说的话,https://mp.weixin.qq.com/s/9nbnDEH9ozESeZrSjt9pmA,#个人故事,0,1,0,0,1
星星落在地面上：我的创伤、解离和天才幻梦,https://mp.weixin.qq.com/s/fac0lzPpTmST3UVSmKFSLg,#个人故事,0,1,0,0,1
迟到的确诊，让情商负数的我找到了自我价值感,https://mp.weixin.qq.com/s/pLY3ZqlnadoZh5ufJXaKfg,#个人故事,0,1,1,0,1
“不典型”谱系人士的就诊故事,https://mp.weixin.qq.com/s/bO86EOHnqOtHc82H5HVOFw,#个人故事,0,1,0,0,0
比起“星星的孩子”，我更愿意称自己为“追逐星星的人”,https://mp.weixin.qq.com/s/_u1CvXr_h6pBfsBr-9-RrA,#个人故事,0,1,0,0,0
女儿确诊ASD后，我释然了,https://mp.weixin.qq.com/s/EsU2WDj7SiE47Q8rTC8hlA,#个人故事,0,1,1,0,1
在我确诊ADHD的这几年,https://mp.weixin.qq.com/s/O_r5-sVW60sdvBQAhW8czA,#个人故事,0,1,0,0,0
【个人故事】荀彧的第六交响曲,https://mp.weixin.qq.com/s/aui_8iMaaimwLCWHuGrwHg,#个人故事,0,1,0,0,0
为了寻找答案我二进宫医院：确诊ADHD十来年的思考,https://mp.weixin.qq.com/s/UFA1e6dA9ILGN_4C358DMQ,#个人故事,0,1,1,0,0
诅咒还是礼物：ADHD伴随我的30年,https://mp.weixin.qq.com/s/k_soTe6wo5qi4CFcw9Z0Fw,#个人故事,0,1,0,0,0
漂流的尽头，是你爱的宽容,https://mp.weixin.qq.com/s/YtUV2OJ6oeb91VmDmbzCbA,#个人故事,0,1,0,0,0
我要是能成为妈妈的骄傲就好了,https://mp.weixin.qq.com/s/oFmikmXCU9OpJXJwLZWhaw,#个人故事,0,1,0,0,0
我的混合型ADHD母亲,https://mp.weixin.qq.com/s/WUMZHlWGvuyorBel-FQIWQ,#个人故事,0,1,0,0,0
“普通”标签究竟多难得,https://mp.weixin.qq.com/s/yA9ni0erbQUJFsyiL-VzcA,#个人故事,0,1,0,0,0
孤独与焦虑的集合体：厦门仙岳医院成人ASD确诊故事,https://mp.weixin.qq.com/s/GGCVFsB_Jq2Izih48w5ziQ,#个人故事,0,1,0,0,0
双A人生回忆录,https://mp.weixin.qq.com/s/LOb5Ww-xViooQ500C_wAmg,#个人故事,0,1,0,0,0
我是不是坏小孩——我的掩饰心理,https://mp.weixin.qq.com/s/lpZnNopL5NegPelO8pJRvg,#个人故事,0,1,0,0,0
宁波康宁与常州德安双A就诊：明天又是新的一天,https://mp.weixin.qq.com/s/a8aAWVetdMql_bDhg8MTvQ,#个人故事,0,1,0,0,0
ADHD服药200天，发现自己是一条在自行车里欣赏天空的鱼摆摆,https://mp.weixin.qq.com/s/6gCxcSlvUHb_TPTsMZw3VQ,#个人故事,0,1,0,0,0
出柜双A后，我未曾料想的另一种结局,https://mp.weixin.qq.com/s/mkyakrJNCtO152SXmdbYEg,#个人故事,0,1,0,0,0
抑郁症和ADHD：走在一条不断破碎重组的小路上,https://mp.weixin.qq.com/s/-1cy41FfAN2niniqJv4ETg,#个人故事,0,1,0,0,0
一路走来，双A的我,https://mp.weixin.qq.com/s/LuXOSAZMnQkPLW63YR7vhg,#个人故事,0,1,0,0,0
逃离人类计划：神经多样性人士的挣扎与救赎,https://mp.weixin.qq.com/s/JQU0ephRWBZ__xloJSXsjA,#个人故事,0,1,0,0,0
双A的极致情绪坦白局,https://mp.weixin.qq.com/s/3yrg0a2kYYloTN-poLnEcQ,#个人故事,0,1,0,0,0
ADHD和抑郁障碍中，我留下的痕迹,https://mp.weixin.qq.com/s/kAWXt81eJ0I9-GolEha6bA,#个人故事,0,1,0,0,0
不被定义的存在：ASD改编歌曲发布,https://mp.weixin.qq.com/s/sZe3WY52iKMxoIDqC_tqjg,#个人故事,0,1,0,0,0
我的，混乱与宿命,https://mp.weixin.qq.com/s/kGDJSrhuyJPBuSwt5N_Pgw,#个人故事,0,1,0,0,0
ASD&ADHD个人故事：致边缘的我们,https://mp.weixin.qq.com/s/Lu71jD-ZHmAdsdgg6mdetg,#个人故事,0,1,0,0,0
海外成人ASD＆ADHD就诊故事：你与我同在,https://mp.weixin.qq.com/s/BARLKZ6xOQZuSkp7wG71ug,#个人故事,0,1,0,0,0
Trinity：落日余晖下的同行者们,https://mp.weixin.qq.com/s/VlJpkBMAsQZMwVvyq8wwjA,#个人故事,0,1,0,0,0
不知孤独的孤独者|孤独症的那些事儿,https://mp.weixin.qq.com/s/BlPlCjEarxlh6nxwVwF3UA,#孤独者说,0,0,1,0,0
孤独症骄傲日，你“出柜”了么？,https://mp.weixin.qq.com/s/8nBFHF94jDIq_azWTRL6fQ,#孤独者说,0,0,1,0,0
爱上孤独症：含泪的微笑,https://mp.weixin.qq.com/s/pmzlYTOnUL0HxIE9SapNdg,#孤独者说,0,0,1,0,0
“我只是不同，并不是比别人差”--ASD世界旅游项目致NT同胞的一封信,https://mp.weixin.qq.com/s/0v2ZjWMCnbC_-XzLc21P3w,#孤独者说,0,0,1,1,0
孤独症的未来在哪里?,https://mp.weixin.qq.com/s/6P_gmdiAmSWY9JcDZ42PSA,#孤独者说,0,0,1,1,0
不同的人生，相似的片段 --与8位神经多样性朋友一同前行,https://mp.weixin.qq.com/s/UocpUdChcmi0t3SGqtcqmg,#孤独者说,0,1,1,0,0
我为什么不赞成“高功能”、“阿斯”、“低功能”分类,https://mp.weixin.qq.com/s/4lhbj4oXdrxVn0hvMkKGjA,#孤独者说,0,0,1,1,0
【孤独者骄傲日】我不可怜，也不需要怜悯,https://mp.weixin.qq.com/s/LnK9NtqbfecGopAQLCuzvQ,#孤独者说,0,0,1,1,0
Q&A第一期 - 阿星人&青衫Aspie,https://mp.weixin.qq.com/s/bfxPmqgFdvX3fNvGKxTPXQ,#孤独者说,0,0,1,0,0
迟来的答案—成人确诊阿斯伯格综合征的意义,https://mp.weixin.qq.com/s/a71b0tebJ2LVdY2EI8BBYA,#孤独者说,0,1,1,0,0
对，我就是那个被“不想要”的孩子,https://mp.weixin.qq.com/s/XeFjOixqrGAsOTTh3ZwTFw,#孤独者说,0,0,1,0,0
【孤独症骄傲日】有孤独症，我的人生结束了？,https://mp.weixin.qq.com/s/0wAQqRv9nLRjXTTwIk9HoA,#孤独者说,0,0,1,0,0
当猎奇化为猎枪,https://mp.weixin.qq.com/s/g84EV8Y0FB6f1wXC2YPmmw,#孤独者说,0,0,1,0,0
以偏概全，是对所有人伤害,https://mp.weixin.qq.com/s/edEDyh2qDShzB2yVai1TlQ,#孤独者说,0,0,1,0,0
写给阿斯人的歌——半星之子,https://mp.weixin.qq.com/s/5SNywng0UgVGJlCNecdorw,#孤独者说,0,0,1,0,0
孤独症女性，站在交叉路口中心,https://mp.weixin.qq.com/s/pAIrs_piFnoFV7iZdyGHOA,#孤独者说,0,0,1,0,0
【个人故事】确诊之后，我是如何提高生活质量的？,https://mp.weixin.qq.com/s/bM76sdLioGMCodSr4KJevw,#孤独者说,0,1,1,0,0
ASD成年确诊，到底有什么意义？,https://mp.weixin.qq.com/s/hvmZh08m61s-WK3DeD6cAg,#孤独者说,0,0,1,0,0
《不会打招呼的人》作者有话说,https://mp.weixin.qq.com/s/VFMvf0Jxka7RXx3QUaj_Hg,#孤独者说,0,1,1,0,0
【漫画】《不会打招呼的人》| 第一话：确诊,https://mp.weixin.qq.com/s/wLDcKXZzECOPdUntXTh2tw,#孤独者说,0,1,1,0,0
进来挨骂吧！孤独症谱系障碍影视剧,https://mp.weixin.qq.com/s/UqgNBfx7Cn5TtbaYPkRMGw,#孤独者说,0,0,1,0,0
【赠书】看见孤独症的“第二性”,https://mp.weixin.qq.com/s/T1uePhwhQcwwvm1JCtjYcQ,#孤独者说,0,0,1,0,0
为了一纸ASD诊断，我等了整整3年,https://mp.weixin.qq.com/s/S232-HAHAVeuMoAzCVlIaQ,#孤独者说,0,1,1,0,0
我参加了国内第一个ASD人士就业培训，这里是我的感受,https://mp.weixin.qq.com/s/0EyzxDpbUyM07hCKp5iL8Q,#孤独者说,0,1,1,0,0
【教师节特别策划】当一位谱系人士决定成为老师,https://mp.weixin.qq.com/s/TiSaPjs1MgRCc2bRovr0tA,#孤独者说,0,1,1,0,0
作为ASD人士，这是我的信心宣言,https://mp.weixin.qq.com/s/vwM43BHAhTuH8q9HDbBUCA,#孤独者说,0,1,1,0,0
现有的成人ASD的预后评估，从一开始就是错的,https://mp.weixin.qq.com/s/lNv7VYpBogUvuereJzBcnA,#孤独者说,0,0,1,0,0
【个人故事】ASD，我还有我妈妈,https://mp.weixin.qq.com/s/lnN8cifSKwL1kCTT8ISo6A,#孤独者说,0,1,1,1,0
【个人故事】当一个“猫猫人”开始帮助各种人类,https://mp.weixin.qq.com/s/_WP6YAS03vhk7hXqKGRNuw,#孤独者说,0,1,1,0,0
得到确诊后，ASD成为了我“说明书”上的重要标签,https://mp.weixin.qq.com/s/l7t2GyHWezpShR-Bx5Em-w,#孤独者说,0,1,1,0,0
如何理解“残疾” vs “残障”,https://mp.weixin.qq.com/s/pZ-SP5mpVQDRGuPd-FbRQg,#孤独者说,0,0,1,0,1
【个人故事】我不做人啦！,https://mp.weixin.qq.com/s/UbUA6EMq97lzp_8qrdXtXA,#孤独者说,0,1,1,0,1
ASD影视论文的心路历程及写作技巧,https://mp.weixin.qq.com/s/i-Lx9KC_E1OgkYx588j_mQ,#孤独者说,0,0,1,0,0
【个人故事】我是一个温暖的光,https://mp.weixin.qq.com/s/PgwiFuvI3eq64BFrjm8JPA,#孤独者说,0,1,1,0,1
台湾AS的生活经历：我的路程及我的需要,https://mp.weixin.qq.com/s/_1VsZzFmanAAAyTd7HEXyQ,#孤独者说,0,1,1,0,1
阿斯小朋友小Q的作文：被人忽视的他,https://mp.weixin.qq.com/s/Yfd8hwQisfSD4ZApMRva-Q,#孤独者说,0,0,1,1,0
【孤独者说】连塘的告白,https://mp.weixin.qq.com/s/DVcqpbPe9gV-dDXc3AccSg,#孤独者说,0,1,1,0,0
ASD成年确诊，到底有什么意义？,https://mp.weixin.qq.com/s/TF2pSOzMN7wQCW0SZ5jpyw,#孤独者说,0,0,1,0,0
孤独症谱系障碍者的日常困境：漫画《不会打招呼的人》| 第二话,https://mp.weixin.qq.com/s/eZ9EynjTq5CNmJsCN0Mbfw,#孤独者说,0,1,1,0,0
【孤独者说】奇怪的光，拯救我的人生,https://mp.weixin.qq.com/s/MVgOZJIbeRPmYAYUAcsGgA,#孤独者说,0,1,1,0,0
【孤独者说】孤独地漂浮着，认识自己让我停止自责,https://mp.weixin.qq.com/s/UUB4q1lnvJYOxKZRD_vxSA,#孤独者说,0,1,1,0,0
世界读书日：我们如何描述孤独,https://mp.weixin.qq.com/s/nyXbVJh9R0Vzo385_C2uBA,#孤独者说,0,0,1,0,0
世界必有出口：武汉长沙深圳成人ASD+ADHD就诊经历,https://mp.weixin.qq.com/s/dSNUojHXjqBQOPATMmSaAA,#孤独者说,1,0,1,0,0
写给被排除ASD的朋友们,https://mp.weixin.qq.com/s/Z9EC-NECSBjwq3uNAGNHMw,#孤独者说,1,0,1,0,0
【孤独者说】我是人生路上的一个问号,https://mp.weixin.qq.com/s/cuy6GKfI3cWwLL2caXo4bQ,#孤独者说,0,1,1,0,0
不被看见的女性孤独症：37条临床诊断指南,https://mp.weixin.qq.com/s/FvjEIrtA_A-mGV3VALe97A,#孤独者说,0,0,1,0,0
《零岁的星光》：从谱系个体到星空,https://mp.weixin.qq.com/s/3MjZ5__hZwMSgqHSDCP5dQ,#孤独者说,0,0,1,0,0
异国他乡确诊半年，与不符合刻板印象的自己和解,https://mp.weixin.qq.com/s/waKi5HxHtnDRB3ITVzJ8Bg,#孤独者说,1,1,1,0,1
思考把人当做人的态度：我在美国高中ASD拒诊与确诊经历,https://mp.weixin.qq.com/s/OilB9nwtBrlIbRHUmkqc5g,#孤独者说,1,1,1,0,0
一位已离世的ASD+ADHD少女的精神解剖,https://mp.weixin.qq.com/s/6qtC_OOWGcki9vsnmdr7IA,#孤独者说,0,0,1,1,0
疾病、障碍，还是不同？,https://mp.weixin.qq.com/s/fXoT2FVGI029mS5tNI7UeA,#孤独者说,0,0,1,0,1
一个努力自我和解的ASDer的自白,https://mp.weixin.qq.com/s/ITOyFfDs2AsLQTcgZMlQEQ,#孤独者说,0,1,1,0,0
我的来路与归程：关于ASD/ADHD的我在孤独症干预机构当志愿者这件事,https://mp.weixin.qq.com/s/2RlOL_A1zsVVjsXUBzThfg,#孤独者说,0,0,1,1,0
【个人故事】想方设法开好自己的座驾,https://mp.weixin.qq.com/s/XZiRqhrpOktUqeebaqzI9g,#孤独者说,0,1,1,0,0
ASD共现抑郁？还是……,https://mp.weixin.qq.com/s/KG4G56to1VNN-56RjMOOAw,#孤独者说,0,0,1,0,0
在没人看到的位置，我重新变成一只章鱼,https://mp.weixin.qq.com/s/0JW5wRWqDAjfm66Ry42GZw,#孤独者说,0,1,1,0,0
星星落在地面上：我的创伤、解离和天才幻梦,https://mp.weixin.qq.com/s/fac0lzPpTmST3UVSmKFSLg,#孤独者说,0,1,1,0,1
迟到的确诊，让情商负数的我找到了自我价值感,https://mp.weixin.qq.com/s/pLY3ZqlnadoZh5ufJXaKfg,#孤独者说,0,1,1,0,0
ASD日常生存工具包里有什么？,https://mp.weixin.qq.com/s/NSsHIySCbPGrqEO4fmsbYQ,#孤独者说,0,0,1,0,0
当ASD遇上焦虑：是什么？为什么？怎么办？,https://mp.weixin.qq.com/s/hIipw2DKEDaE7iYDBq8l0g,#孤独者说,0,0,1,0,0
原神中“孤独病”是现实中的“孤独症谱系障碍”吗？,https://mp.weixin.qq.com/s/RlUXxitHO7wH6IjyN63euA,#孤独者说,0,0,1,0,0
原来我是星星的形状呀，我现在还是一颗会开花长叶的小星星呢,https://mp.weixin.qq.com/s/wBivHWcB41veicjKA9iu_w,#孤独者说,0,0,1,1,0
写在漫天飞舞的媒体报道后,https://mp.weixin.qq.com/s/TFUJQp15QMbWFz_gMqNxhA,#孤独者说,0,0,1,0,1
画龙点睛：神经多样性专属红包封面,https://mp.weixin.qq.com/s/2QfIgzn9-M-IPdk6DXJOEw,#孤独者说,0,0,1,0,1
小年快乐！来领画龙点睛红包封面～,https://mp.weixin.qq.com/s/oDqa4vNQ9ADc4dTiPCFnSw,#孤独者说,0,0,1,0,1
龙年大吉！来领画龙点睛红包封面/壁纸～,https://mp.weixin.qq.com/s/9l7tj03xKDzbPzgGGMBVHA,#孤独者说,0,0,1,0,1
出柜双A后，我未曾料想的另一种结局,https://mp.weixin.qq.com/s/mkyakrJNCtO152SXmdbYEg,#孤独者说,0,1,1,0,1
个人故事为什么很重要：什么是自倡导？,https://mp.weixin.qq.com/s/-6ePc2SSdX-ZFs3p_p4Jzw,#孤独者说,0,0,1,0,0
逃离人类计划：神经多样性人士的挣扎与救赎,https://mp.weixin.qq.com/s/JQU0ephRWBZ__xloJSXsjA,#孤独者说,0,1,1,0,1
什么是神经多样性？,https://mp.weixin.qq.com/s/zFGrtRcP5_SbE1S11-Uyrg,#孤独者说,0,0,1,0,0
ASD“添堵日”要到了，你准备好了吗？,https://mp.weixin.qq.com/s/OME-pllIyX5U_vJhYAt8hA,#孤独者说,0,0,1,0,0
什么是孤独症？,https://mp.weixin.qq.com/s/k7K_Vc8FrNyA1k5e16C_Tw,#孤独者说,0,0,1,0,0
对，我就是那个被反复表达“不想要”的孩子,https://mp.weixin.qq.com/s/gGyY4_VDmwfj8YnITrUQjA,#孤独者说,0,0,1,1,0
不被定义的存在：ASD改编歌曲发布,https://mp.weixin.qq.com/s/sZe3WY52iKMxoIDqC_tqjg,#孤独者说,0,1,1,0,0
记一次关于孤独症的班级分享,https://mp.weixin.qq.com/s/vLdz47hVCuuj_bsIAWBTJA,#孤独者说,0,0,1,0,0
对“你好啊，神经多样性”活动中演讲及圆桌的补充,https://mp.weixin.qq.com/s/2qLvds7JI2lnSYr_DIE9sw,#孤独者说,0,0,1,0,0
围猎孤独症女孩：霸凌与“融合教育”,https://mp.weixin.qq.com/s/V_0MvLGRfRszs9hIioWb1g,#孤独者说,0,0,1,1,0
关于双A的我又在孤独症干预机构当志愿者这件事,https://mp.weixin.qq.com/s/xfbYKoquLDXUIlPu66sLaA,#孤独者说,0,0,1,1,0
国内ASD/ADHD儿童确诊推荐地图,https://mp.weixin.qq.com/s/r4JXnbJPd8D8EHNxVuQL_g,#家长助攻,0,0,0,1,0
对，我就是那个被反复表达“不想要”的孩子,https://mp.weixin.qq.com/s/gGyY4_VDmwfj8YnITrUQjA,#家长助攻,0,0,0,1,0
原来我是星星的形状呀，我现在还是一颗会开花长叶的小星星呢,https://mp.weixin.qq.com/s/wBivHWcB41veicjKA9iu_w,#家长助攻,0,0,0,1,0
关于霸凌：你所需要知道的,https://mp.weixin.qq.com/s/bki6n2IX3xOx_JoBx1iCgQ,#家长助攻,0,0,0,1,0
女儿确诊ASD后，我释然了,https://mp.weixin.qq.com/s/EsU2WDj7SiE47Q8rTC8hlA,#家长助攻,0,0,0,1,0
关于ASD＆ADHD，我想和家长们说的话,https://mp.weixin.qq.com/s/9nbnDEH9ozESeZrSjt9pmA,#家长助攻,0,0,0,1,0
我的来路与归程：关于ASD/ADHD的我在孤独症干预机构当志愿者这件事,https://mp.weixin.qq.com/s/2RlOL_A1zsVVjsXUBzThfg,#家长助攻,0,0,0,1,0
ADHD父亲写给儿子：一同成长的我们,https://mp.weixin.qq.com/s/FjJRY0tJwgDp4-9c7Smp3A,#家长助攻,0,0,0,1,0
独立生活技能清单，电子版手册！,https://mp.weixin.qq.com/s/Q_0e2vrahjBncjukI1enUw,#家长助攻,0,0,0,1,0
一位已离世的ASD+ADHD少女的精神解剖,https://mp.weixin.qq.com/s/6qtC_OOWGcki9vsnmdr7IA,#家长助攻,0,0,0,1,0
多年父子成战友： 纪念被孤独症锤炼出来的父亲节,https://mp.weixin.qq.com/s/GhTGAz9yQwqzwNBWk_hfzw,#家长助攻,0,0,0,1,0
阿斯小朋友小Q的作文：被人忽视的他,https://mp.weixin.qq.com/s/Yfd8hwQisfSD4ZApMRva-Q,#家长助攻,0,0,0,1,0
【资源】独立生活能力清单--压力管理与自我照顾,https://mp.weixin.qq.com/s/3nVzlkCF7F48xgSSvFZkNA,#家长助攻,0,0,0,1,0
【个人故事】ASD，我还有我妈妈,https://mp.weixin.qq.com/s/lnN8cifSKwL1kCTT8ISo6A,#家长助攻,0,0,0,1,0
【资源】独立生活能力清单--安全意识清单,https://mp.weixin.qq.com/s/65n1fjn250qa_TZmltBDHw,#家长助攻,0,0,0,1,0
【资源】独立生活能力清单--饮食规划与做饭,https://mp.weixin.qq.com/s/dZHOZsmDqz59oeekmddNeA,#家长助攻,0,0,0,1,0
做个不焦虑的妈妈,https://mp.weixin.qq.com/s/kdLOdDxdpNGwnxrUBd2rHw,#家长助攻,0,0,0,1,0
孩子确诊ASD一年，这是我的心路历程：从焦虑到接受,https://mp.weixin.qq.com/s/F7Jl6Et1m2JlnUeiGyZLNw,#家长助攻,0,0,0,1,0
【资源】独立生活能力清单--求职和面试,https://mp.weixin.qq.com/s/_tzYgKHmA59UhnC9YVupqA,#家长助攻,0,0,0,1,0
【资源】独立生活能力清单--交通,https://mp.weixin.qq.com/s/nZUW6OdH1zwtFLUmXmGJvg,#家长助攻,0,0,0,1,0
【资源】独立生活能力清单--财务管理,https://mp.weixin.qq.com/s/kumyibxM7qp9M25-voDhEA,#家长助攻,0,0,0,1,0
【资源】独立生活能力清单--医疗和健康,https://mp.weixin.qq.com/s/HixFufWvEUo103U10AoLSw,#家长助攻,0,0,0,1,0
【资源】独立生活能力清单--居住环境打扫,https://mp.weixin.qq.com/s/5uJsIB77mNQled9trGVO3Q,#家长助攻,0,0,0,1,0
【资源】独立生活能力清单--个人卫生和仪表,https://mp.weixin.qq.com/s/oiss64Bh0zf5-lVeZ-il5w,#家长助攻,0,0,0,1,0
一个支持孤独症家庭的社会是什么样的？,https://mp.weixin.qq.com/s/ui-L9Qes3ajrZMVTrtCqBA,#家长助攻,0,0,0,1,0
聊聊美国的特殊教育和特殊需求学生的支持,https://mp.weixin.qq.com/s/xLP3zfQ33hIPhqYsT7DHLQ,#家长助攻,0,0,0,1,0
【实操案例】如何给予孩子正向关注？,https://mp.weixin.qq.com/s/FIpzVzzIjwJuRHPaKkKqdQ,#家长助攻,0,0,0,1,0
如何正确照顾、爱护和支持孤独症谱系障碍儿童,https://mp.weixin.qq.com/s/tnyZ5sValHb49Oqr3Pm7yQ,#家长助攻,0,0,0,1,0
孤独症谱系孩子的母亲与谱系人士的对话 - 小枫叶的麻麻 Danielle和我,https://mp.weixin.qq.com/s/h9xRyG-F4GI7_E_skZr2-Q,#家长助攻,0,0,0,1,0
欧洲儿童ASD和ADHD就诊记录,https://mp.weixin.qq.com/s/gLjT_gcF7xIgOV-j9Ssr2A,#家长助攻,0,0,0,1,0
【最新更新20211010】孤独症砖家鉴别及黑榜,https://mp.weixin.qq.com/s/JR76O86sVMF509rdto_SGQ,#家长助攻,0,0,0,1,0
思考一位母亲的留言：阿斯伯格小女孩儿如何融入正常孩子中,https://mp.weixin.qq.com/s/M05_hterwpMaqyqaMmVeww,#家长助攻,0,0,0,1,0
与发育性协调障碍共同生活（二）：DCD诊断与治疗（附儿少可筛查医院名单）,https://mp.weixin.qq.com/s/W6d16L3oo_gH-8lr-zYXHw,#家长助攻,0,0,0,1,0
【个人故事】小正妈妈这样对孩子说,https://mp.weixin.qq.com/s/ZTfB-VqAyd-aFWSwWt9RZw,#家长助攻,0,0,0,1,0
以行动支持｜美国中小学校园的ADHD无障碍,https://mp.weixin.qq.com/s/TGvecguLl9Ewb1kL-HAMTw,#家长助攻,0,0,0,1,1
半年影子老师思考之二：行业困境,https://mp.weixin.qq.com/s/cF7VhbvyIVimK6BLzY-roQ,#家长助攻,0,0,0,1,0
写给阿斯宝宝家长们的一封信,https://mp.weixin.qq.com/s/Z3okri5srxwveBlT5RpoUQ,#家长助攻,0,0,0,1,0
【最新更新20200709】孤独症砖家鉴别及黑榜,https://mp.weixin.qq.com/s/WkL-IIRlN0l9wdvcVMdJiw,#家长助攻,0,0,0,1,0
孩子出现这些行为，请筛查孤独症,https://mp.weixin.qq.com/s/w4sS4x4xkNCfdDo1jconXA,#家长助攻,0,0,0,1,0
什么是康复咨询？,https://mp.weixin.qq.com/s/yRaiu2DPc8uDa6XLm7xGhg,#家长助攻,0,0,0,1,0
作为ABA一线治疗师的日子,https://mp.weixin.qq.com/s/AmY0YRBKTvEDMef_rPSK8g,#家长助攻,0,0,0,1,0
正向关注活动，给家庭带来阳光,https://mp.weixin.qq.com/s/qslEcrzblVuS5J_U9YXwaA,#家长助攻,0,0,0,1,0
【孤独者骄傲日】我不可怜，也不需要怜悯,https://mp.weixin.qq.com/s/LnK9NtqbfecGopAQLCuzvQ,#家长助攻,0,0,0,1,0
我为什么不赞成“高功能”、“阿斯”、“低功能”分类,https://mp.weixin.qq.com/s/4lhbj4oXdrxVn0hvMkKGjA,#家长助攻,0,0,0,1,0
孤独症的未来在哪里?,https://mp.weixin.qq.com/s/6P_gmdiAmSWY9JcDZ42PSA,#家长助攻,0,0,0,1,0
“我只是不同，并不是比别人差”--ASD世界旅游项目致NT同胞的一封信,https://mp.weixin.qq.com/s/0v2ZjWMCnbC_-XzLc21P3w,#家长助攻,0,0,0,1,0
美国儿科协会孤独症临床指南7页大纲解读,https://mp.weixin.qq.com/s/aKL8euKCd3p7nouiCmLAPQ,#家长助攻,0,0,0,1,0
孤独症谱系障碍：柳叶刀最新综述解读,https://mp.weixin.qq.com/s/GwD4UzGTgHrQFmFc4yjlQw,#家长助攻,0,0,0,1,0
半年影子老师回顾之一：我的工作理念,https://mp.weixin.qq.com/s/RIWNtutKaAPC2nIA_HBxRA,#家长助攻,0,0,0,1,0
重磅！最新美国儿科协会孤独症临床指南，确诊前就应开始干预,https://mp.weixin.qq.com/s/Pg_OyOx_zHE-pSmBgAidEQ,#家长助攻,0,0,0,1,0
日常生活技能：孤独症自立的关键,https://mp.weixin.qq.com/s/q-lSfPVPfVrGZegU3rzuww,#家长助攻,0,0,0,1,0
不知孤独的孤独者|孤独症的那些事儿,https://mp.weixin.qq.com/s/JJzXxwRb9giSoAp3-DXhBQ,#家长助攻,0,0,0,1,0
【as完全手册作者文章】高功能孤独症谱系的爱情,https://mp.weixin.qq.com/s/YbqdmUVHYXtyHv6gm7pdvg,#家长助攻,0,0,0,1,0
【抽奖赠书】星星的孩子，不仅要补短，更要取长,https://mp.weixin.qq.com/s/e-6MKtTp3fZcvyYOwk5csg,#家长助攻,0,0,0,1,0
社交技能干预：解决孤独症的核心问题,https://mp.weixin.qq.com/s/u7QYNlLug749S3XeMMuHhQ,#家长助攻,0,0,0,1,0
【完全调研】霸凌，孤独症儿童不可避免的黑色童年？,https://mp.weixin.qq.com/s/TZ6-jGZBSm67UiPD4IPnbA,#家长助攻,0,0,0,1,0
孤独症患者找工作，天方夜谭？,https://mp.weixin.qq.com/s/RGrlAbx0zvrH21E5QNHCpQ,#家长助攻,0,0,0,1,0
【刚刚】ICD11取消阿斯伯格！孤独症分类改动全解读,https://mp.weixin.qq.com/s/fM5NQqRvzClijIEN1wECSw,#家长助攻,0,0,0,1,0
孤独的旅途：抚养孤独症儿童是一种怎样的体验？,https://mp.weixin.qq.com/s/_WBofOe0E7h04r9zlPtywQ,#家长助攻,0,0,0,1,0
霸凌、孤立、失去机会，这些无端的痛苦只因缺少一份诊断！,https://mp.weixin.qq.com/s/8LL6mn8hM_X-o0QTkxRfJw,#家长助攻,0,0,0,1,0
【书评】ADHD不被卡住的人生,https://mp.weixin.qq.com/s/nIhtkAuiu4lEuwWjaRH9SQ,#分心者说,0,0,0,0,1
【ADHD筛查量表】你是一名分心者吗？,https://mp.weixin.qq.com/s/EfyDmr9m2wjiR1-IMZQTuw,#分心者说,0,0,0,0,1
以行动支持｜美国中小学校园的ADHD无障碍,https://mp.weixin.qq.com/s/TGvecguLl9Ewb1kL-HAMTw,#分心者说,0,0,0,0,1
被偏见笼罩的ADHD调研,https://mp.weixin.qq.com/s/FP2X9O4Mwho6uSIGozdn_Q,#分心者说,0,0,0,0,1
话语即权力：被妖魔化的ADHD药物干预,https://mp.weixin.qq.com/s/ILI1-0Y7NmmhVqkXSXWJRg,#分心者说,0,0,0,0,1
ADHDer地球生存策略库,https://mp.weixin.qq.com/s/uJ2LdgmaF8wgwL4wrjnM7g,#分心者说,0,0,0,0,1
【个人故事】博士的我，确诊重度ADHD,https://mp.weixin.qq.com/s/aZ0j1d8UoturjpT-hbzA6Q,#分心者说,0,0,0,0,1
【医学前沿】一文理清ADHD药物治疗,https://mp.weixin.qq.com/s/9cxfCoDp7u32bi4vNw3Thg,#分心者说,0,0,0,0,1
ADHDer地球生存策略库第二弹·睡眠问题,https://mp.weixin.qq.com/s/-kYjkzaK61EbX8YBiV9_qw,#分心者说,0,0,0,0,1
【攻略】ADHDer如何携带自用药物入境美国和开药,https://mp.weixin.qq.com/s/jqit4D3dLmkvp7l6vnP-Nw,#分心者说,0,0,0,0,1
私藏着100种宝贝的ADHD生活质量工具箱，让我们一起打开看看吧！,https://mp.weixin.qq.com/s/eNZ49CK6lqAxzm5-q4DwLw,#分心者说,0,0,0,0,1
确诊或不确诊，都要去“疗愈”——读《分心不是我的错》,https://mp.weixin.qq.com/s/DPucEAaxAUomL5kY14e8Sw,#分心者说,0,0,0,0,1
“我不是一个失败的人。”ADHD人士自述,https://mp.weixin.qq.com/s/qK4pO6LlQorkU3M8MFJNSA,#分心者说,0,0,0,0,1
话语即权力：被妖魔化的ADHD药物干预,https://mp.weixin.qq.com/s/mn7HwoaDAukSxlXXEDUT0g,#分心者说,0,0,0,0,1
禁毒与ADHD科普，究竟是否冲突,https://mp.weixin.qq.com/s/jZjvm0H_di4gyYrutuydTA,#分心者说,0,0,0,0,1
【医学前沿】“隐身”的ADHD女性,https://mp.weixin.qq.com/s/-rcplBrk2b3b3WVFLZ6fsQ,#分心者说,0,0,0,0,1
【ADHD】社会功能受损而被迫边缘化的“社会人”,https://mp.weixin.qq.com/s/zA8oQGHGiSBeT-O5OQbJSQ,#分心者说,0,0,0,0,1
面对ADHD：我的自我迭代之路,https://mp.weixin.qq.com/s/HzCPoXaG_nkJY8_5ReM5Lg,#分心者说,0,0,0,0,1
本能、愤怒、勇气与我那被裹挟的命运,https://mp.weixin.qq.com/s/bhVoaP8UISIqBT1I90EMng,#分心者说,0,0,0,0,1
【后记】被裹挟的，与真正的自由意志,https://mp.weixin.qq.com/s/mvWSCZFXesqXwp1JTmmR9g,#分心者说,0,0,0,0,1
如何理解“残疾” vs “残障”,https://mp.weixin.qq.com/s/pZ-SP5mpVQDRGuPd-FbRQg,#分心者说,0,0,0,0,1
问卷跟进--ADHD大型答疑现场,https://mp.weixin.qq.com/s/Xe6qWXmndiHc9UsCQbgakw,#分心者说,0,0,0,0,1
【医学前沿】ADHD药物联合疗法，或可帮到单一疗法无效/不耐受的ADHDer,https://mp.weixin.qq.com/s/Ky8oouoaaOt1iSjNSicooQ,#分心者说,0,0,0,0,1
阳了ADHD药物吃不吃，怎么吃？,https://mp.weixin.qq.com/s/Yv2WcI0rXNaCldukiR5zGQ,#分心者说,0,0,0,0,1
确诊ADHD四个月，我学到了这些,https://mp.weixin.qq.com/s/V0vkVoCKQZIUMKad6-wv0Q,#分心者说,0,0,0,0,1
【个人故事】我不做人啦！,https://mp.weixin.qq.com/s/UbUA6EMq97lzp_8qrdXtXA,#分心者说,0,0,0,0,1
察觉的力量：卡片笔记帮我确诊ADHD,https://mp.weixin.qq.com/s/fnFtyjveNrkD6EZ-IVM4Xg,#分心者说,0,0,0,0,1
成人ADHD与双相情感障碍：什么关系？如何安全干预？,https://mp.weixin.qq.com/s/iuksFnyPqKbSVXRddMVPXQ,#分心者说,0,0,0,0,1
ADHD经验分享：我打破了失败人生的恶性循环,https://mp.weixin.qq.com/s/WC3DchyPWjxJW62ENApyzg,#分心者说,0,0,0,0,1
【个人故事】我是一个温暖的光,https://mp.weixin.qq.com/s/PgwiFuvI3eq64BFrjm8JPA,#分心者说,0,0,0,0,1
台湾AS的生活经历：我的路程及我的需要,https://mp.weixin.qq.com/s/_1VsZzFmanAAAyTd7HEXyQ,#分心者说,0,0,0,0,1
ADHD/高敏感经验分享：看清“恐惧”，夺回大脑控制权,https://mp.weixin.qq.com/s/3GS7PgdKvGYmMCfW4GUMTw,#分心者说,0,0,0,0,1
分 心 者 工 作 指 南,https://mp.weixin.qq.com/s/buLWa7bbWbkFofoGxMqDBA,#分心者说,0,0,0,0,1
瞬息全宇宙：来自ADHDer的一封情书,https://mp.weixin.qq.com/s/V2jHj_23pGhHfXjrzOUt_Q,#分心者说,0,0,0,0,1
播客“散心二意”：两个ADHD女鸽子的自我探索之路,https://mp.weixin.qq.com/s/P-P3SC1iMLRc1HKuhuiROQ,#分心者说,0,0,0,0,1
两次与ADHD确诊擦肩而过，我被蒙在鼓里内耗了20年,https://mp.weixin.qq.com/s/oRA2Fwsu6zu8RRDOXB62CQ,#分心者说,0,0,0,0,1
若生命可描绘——注意缺陷、强迫障碍与我,https://mp.weixin.qq.com/s/UnfzIBe5bZJVvkh7aQ6jRw,#分心者说,0,0,0,0,1
【个人故事】致我一再重复的失败与挣扎,https://mp.weixin.qq.com/s/LmfvvgwepQAvw07HULrX0g,#分心者说,0,0,0,0,1
每个ADHDer都有自己的瞬息全宇宙,https://mp.weixin.qq.com/s/LeiQl7aLUKGEiCGoSATVpw,#分心者说,0,0,0,0,1
【分心者漫画】《隐匿无常》| 第一话：鱼的记忆,https://mp.weixin.qq.com/s/gUaF-oadIBYYNjy4X02OHw,#分心者说,0,0,0,0,1
【分心者漫画】《隐匿无常》| 第二话：生态景箱,https://mp.weixin.qq.com/s/s-VDUS3jDSzjutj_QB5xXg,#分心者说,0,0,0,0,1
追寻注意力的“根源”：我的ADHD诊断之路,https://mp.weixin.qq.com/s/lFGR2vk7VUY3E2tHJqsqOA,#分心者说,0,0,0,0,1
【分心者漫画】《隐匿无常》| 第三话：枝条徒长,https://mp.weixin.qq.com/s/ZMpWO1qb23BQ4Aa1PxB3xQ,#分心者说,0,0,0,0,1
在混乱和盲目的解构中找回自我,https://mp.weixin.qq.com/s/ZzNd_IbxhVymoyVjH5v92g,#分心者说,0,0,0,0,1
污名、排斥与无助：中国女性ADHD人士的困境,https://mp.weixin.qq.com/s/8jPs3R1nz7oOZWQICZ-IcQ,#分心者说,0,0,0,0,1
【分心者漫画】《隐匿无常》| 第四话：自然选择,https://mp.weixin.qq.com/s/eBJOJXXMKz2HKowoUUJVPA,#分心者说,0,0,0,0,1
【分心者漫画】《隐匿无常》| 最终话：成虫盘,https://mp.weixin.qq.com/s/8gvPdyrwR97qzuHSel8CLw,#分心者说,0,0,0,0,1
ADHD漫画《隐匿无常》作者随记：长夜履霜经逆旅，斗室执灯明竢堂,https://mp.weixin.qq.com/s/z6huRrjgpJsA27kzYIXgbQ,#分心者说,0,0,0,0,1
异国他乡确诊半年，与不符合刻板印象的自己和解,https://mp.weixin.qq.com/s/waKi5HxHtnDRB3ITVzJ8Bg,#分心者说,0,0,0,0,1
ADHD儿童在成人世界的规训：我踽踽独行，苦难终有尽时,https://mp.weixin.qq.com/s/KcEcBRJsAbPKx4yZXawZOw,#分心者说,0,0,0,0,1
疾病、障碍，还是不同？,https://mp.weixin.qq.com/s/fXoT2FVGI029mS5tNI7UeA,#分心者说,0,0,0,0,1
了解ADHD后，我想把我失败的人生都甩到它身上,https://mp.weixin.qq.com/s/hoodeWev8C2oTITjkpfVmw,#分心者说,0,0,0,0,1
深夜自白：我和我无法受控的欲望,https://mp.weixin.qq.com/s/gkPwjj1SeIeRTbblEAjvMA,#分心者说,0,0,0,0,1
三十岁确诊，我却未能如愿新生,https://mp.weixin.qq.com/s/uaBGf1vY8iLGW8qYgGcb5g,#分心者说,0,0,0,0,1
行走与平衡：对自我精神状态的探索,https://mp.weixin.qq.com/s/0PXu_Uee1sErTCoG4ntm5g,#分心者说,0,0,0,0,1
多确诊一种障碍后，整个状况得到改善——抑郁焦虑ADHD共现的治疗经历,https://mp.weixin.qq.com/s/QJx3DqkehM9kP_K3hGEtnA,#分心者说,0,0,0,0,1
星星落在地面上：我的创伤、解离和天才幻梦,https://mp.weixin.qq.com/s/fac0lzPpTmST3UVSmKFSLg,#分心者说,0,0,0,0,1
给ADHD超人的信,https://mp.weixin.qq.com/s/-yD5uXeJfU7NKgJGBoLu7g,#分心者说,0,0,0,0,1
在我确诊ADHD的这几年,https://mp.weixin.qq.com/s/O_r5-sVW60sdvBQAhW8czA,#分心者说,0,0,0,0,1
我的22岁重生：广东中山市博爱医院成人ADHD就诊经历,https://mp.weixin.qq.com/s/cCw60aRcUpkHU82NA1SdmA,#分心者说,0,0,0,0,1
为了寻找答案我二进宫医院：确诊ADHD十来年的思考,https://mp.weixin.qq.com/s/UFA1e6dA9ILGN_4C358DMQ,#分心者说,0,0,0,0,1
诅咒还是礼物：ADHD伴随我的30年,https://mp.weixin.qq.com/s/k_soTe6wo5qi4CFcw9Z0Fw,#分心者说,0,0,0,0,1
漂流的尽头，是你爱的宽容,https://mp.weixin.qq.com/s/YtUV2OJ6oeb91VmDmbzCbA,#分心者说,0,0,0,0,1
我要是能成为妈妈的骄傲就好了,https://mp.weixin.qq.com/s/oFmikmXCU9OpJXJwLZWhaw,#分心者说,0,0,0,0,1
我的混合型ADHD母亲,https://mp.weixin.qq.com/s/WUMZHlWGvuyorBel-FQIWQ,#分心者说,0,0,0,0,1
我是不是坏小孩——我的掩饰心理,https://mp.weixin.qq.com/s/lpZnNopL5NegPelO8pJRvg,#分心者说,0,0,0,0,1
国内ADHD仿制药或明年上市，会为大家带来改变吗,https://mp.weixin.qq.com/s/eGuoq1zIFQ0FPfcBTq8GNw,#分心者说,0,0,0,0,1
ADHD服药200天，发现自己是一条在自行车里欣赏天空的鱼摆摆,https://mp.weixin.qq.com/s/6gCxcSlvUHb_TPTsMZw3VQ,#分心者说,0,0,0,0,1
成人ADHD全国就诊指南,https://mp.weixin.qq.com/s/NnQpPS07vDQUkm-B2-axzA,#分心者说,0,0,0,0,1
【ADHD游戏测评】个人感受之我的亿点习惯,https://mp.weixin.qq.com/s/qxOJr7wHwcbkznmPFOxztw,#分心者说,0,0,0,0,1
媒体报道的核心，应是事实查核：我们的维权过程,https://mp.weixin.qq.com/s/vNHpzxHqWWr4DmUVVs1waw,#分心者说,0,0,0,0,1
ADHD不是时髦病，更不是谁的流量密码,https://mp.weixin.qq.com/s/47CzEa_Zh4T5R3-6rJ94Yg,#分心者说,0,0,0,0,1
写在漫天飞舞的媒体报道后,https://mp.weixin.qq.com/s/TFUJQp15QMbWFz_gMqNxhA,#分心者说,0,0,0,0,1
我们给ADHD做了一套IP形象！,https://mp.weixin.qq.com/s/BV24UO0v3DYRurU8XoFbbA,#分心者说,0,0,0,0,1
献给ADHD：天生的障碍，天生的闪光点 | 播客「天赋异禀」×青衫,https://mp.weixin.qq.com/s/YtqDTZSlhI8lGVyOKduyPA,#分心者说,0,0,0,0,1
文字稿（上）：我们对ADHD的认识，是一个过程 | 播客「天赋异禀」×青衫,https://mp.weixin.qq.com/s/tcwm8yWNx2VD51NQDGk_Hg,#分心者说,0,0,0,0,1
文字稿（下）：了解和诊断ADHD，可以破除对自我的攻击 | 播客「天赋异禀」×青衫,https://mp.weixin.qq.com/s/hhwMVVKXfLCMzE4kO-k8ag,#分心者说,0,0,0,0,1
画龙点睛：神经多样性专属红包封面,https://mp.weixin.qq.com/s/2QfIgzn9-M-IPdk6DXJOEw,#分心者说,0,0,0,0,1
小年快乐！来领画龙点睛红包封面～,https://mp.weixin.qq.com/s/oDqa4vNQ9ADc4dTiPCFnSw,#分心者说,0,0,0,0,1
我们应该如何书写ADHD？,https://mp.weixin.qq.com/s/zPc2IKSq2Y0rG0yy8zm9Vw,#分心者说,0,0,0,0,1
龙年大吉！来领画龙点睛红包封面/壁纸～,https://mp.weixin.qq.com/s/9l7tj03xKDzbPzgGGMBVHA,#分心者说,0,0,0,0,1
出柜双A后，我未曾料想的另一种结局,https://mp.weixin.qq.com/s/mkyakrJNCtO152SXmdbYEg,#分心者说,0,0,0,0,1
逃离人类计划：神经多样性人士的挣扎与救赎,https://mp.weixin.qq.com/s/JQU0ephRWBZ__xloJSXsjA,#分心者说,0,0,0,0,1
日本友人分享：ASD、ADHD与社会支持,https://mp.weixin.qq.com/s/UCt2XDIj2qCaiHRM93pkbw,#分心者说,0,0,0,0,1
分心者的考研经历与经验分享,https://mp.weixin.qq.com/s/hZTkFXXk-kU8dFh09ZwDpA,#分心者说,0,0,0,0,1